,,1,2,3,4,5,6,,,,,,,,,,,,,,,,
,,191,103,87,62,38,19,,,,,,,Total,F,M,,,,,,,
,,191,103,87,62,38,19,,,,,,,1,,,2 - Director & Finance,Inconclusive,,,,2 - Director,Even
Finance,,4,4,4,3,2,1,,,,,,,2,,,2 - Director & HR,Inconclusive,,,,3 - Senior Manager,Uneven - Men benefit
HR,,4,3,4,3,2,1,,,,,,,6,,,2 - Director & Internal Services,Inconclusive,,,,4 - Manager,Even
Internal Services,,25,12,14,10,10,2,,,,,,,10,,,2 - Director & Operations,Even,,,,5 - Senior Officer,Even
Operations,,98,38,35,24,11,1,,,,,,,10,,,2 - Director & Sales & Marketing,Inconclusive,,,,6 - Junior Officer,Even
Sales & Marketing,,58,44,28,20,10,1,,,,,,,4,,,2 - Director & Strategy,Inconclusive,,,,,
Strategy,,2,2,2,2,3,13,,,,,,,3,,,3 - Senior Manager & Finance,Inconclusive,,,,,
,,,,,,,,,,,,,,1,,,3 - Senior Manager & HR,Inconclusive,,,,,
,,,,,,,,,,,,,,10,,,3 - Senior Manager & Internal Services,Uneven - Men benefit,,,,,
,,,,,,,,,,,,,,19,,,3 - Senior Manager & Operations,Even,,,,,
,,,,,,,,,,,,,,17,,,3 - Senior Manager & Sales & Marketing,Uneven - Men benefit,,,,,
,,,,,,,,,,,,,,1,,,3 - Senior Manager & Strategy,Inconclusive,,,,,
,,,,,,,1,2,,1,0,,,3,,,4 - Manager & Finance,Inconclusive,,,,,
,,,,,,,2,3,,2,0,,,5,,,4 - Manager & HR,Inconclusive,,,,,
,,,,,,,3,2,,3,0,,,14,,,4 - Manager & Internal Services,Even,,,,,
,,,,,,,4,2,,4,0,,,27,,,4 - Manager & Operations,Even,,,,,
,,,,,,,5,3,,5,0,,,24,,,4 - Manager & Sales & Marketing,Uneven - Men benefit,,,,,
,,,,,,,6,2,,6,0,,,1,,,4 - Manager & Strategy,Inconclusive,,,,,
,,,,,,,7,2,,7,0,,,4,,,5 - Senior Officer & Finance,Inconclusive,,,,,
,,,,,,,8,2,,8,0,,,2,,,5 - Senior Officer & HR,Inconclusive,,,,,
,,,,,,,9,2,,9,0,,,11,,,5 - Senior Officer & Internal Services,Even,,,,,
,,,,,,,10,2,,10,0,,,34,,,5 - Senior Officer & Operations,Even,,,,,
,,,,,,,11,2,,11,0,,,40,,,5 - Senior Officer & Sales & Marketing,Even,,,,,
,,,,,,,12,2,,12,0,,,2,,,5 - Senior Officer & Strategy,Inconclusive,,,,,
,,,,,,,13,1,,13,0,,,4,,,6 - Junior Officer & Finance,Inconclusive,,,,,
,,,,,,,14,2,,14,0,,,5,,,6 - Junior Officer & HR,Inconclusive,,,,,
,,,,,,,15,2,,15,0,,,22,,,6 - Junior Officer & Internal Services,Even,,,,,
,,,,,,,16,2,,16,0,,,92,,,6 - Junior Officer & Operations,Even,,,,,
,,,,,,,17,2,,17,0,,,61,,,6 - Junior Officer & Sales & Marketing,Even,,,,,
,,,,,,,18,0,,18,0,,,3,,,6 - Junior Officer & Strategy,Inconclusive,,,,,
,,,,,,,19,0,,19,0,,,,,,,,,,,,
,,,,,,,20,1,,20,0,,,,,,,,,,,,
,,,,,,,21,2,,21,0,,,,,,,,,,,,
,,,,,,,22,3,,22,0,,,,,,,,,,,,
,,,,,,,23,2,,23,0,,,,,,,,,,,,
,,,,,,,24,2,,24,0,,,,,,,,,,,,
,,,,,,,25,2,,25,0,,,,,,,,,,,,
,,,,,,,26,2,,26,0,,,,,,,,,,,,
,,,,,,,27,2,,27,0,,,,,,,,,,,,
,,,,,,,28,3,,28,0,,,,,,,,,,,,
,,,,,,,29,2,,29,0,,,,,,,,,,,,
,,,,,,,30,2,,30,0,,,,,,,,,,,,
,,,,,,,31,2,,31,0,,,,,,,,,,,,
,,,,,,,32,2,,32,0,,,,,,,,,,,,
,,,,,,,33,2,,33,0,,,,,,,,,,,,
,,,,,,,34,2,,34,0,,,,,,,,,,,,
,,,,,,,35,3,,35,0,,,,,,,,,,,,
,,,,,,,36,3,,36,0,,,,,,,,,,,,
,,,,,,,37,2,,37,0,,,,,,,,,,,,
,,,,,,,38,2,,38,0,,,,,,,,,,,,
,,,,,,,39,2,,39,0,,,,,,,,,,,,
,,,,,,,40,2,,40,0,,,,,,,,,,,,
,,,,,,,41,2,,41,0,,,,,,,,,,,,
,,,,,,,42,2,,42,0,,,,,,,,,,,,
,,,,,,,43,3,,43,0,,,,,,,,,,,,
,,,,,,,44,2,,44,0,,,,,,,,,,,,
,,,,,,,45,2,,45,0,,,,,,,,,,,,
,,,,,,,46,2,,46,0,,,,,,,,,,,,
,,,,,,,47,3,,47,0,,,,,,,,,,,,
,,,,,,,48,1,,48,0,,,,,,,,,,,,
,,,,,,,49,0,,49,0,,,,,,,,,,,,
,,,,,,,50,3,,50,0,,,,,,,,,,,,
,,,,,,,51,2,,51,1,,,,,,,,,,,,
,,,,,,,52,2,,52,1,,,,,,,,,,,,
,,,,,,,53,3,,53,1,,,,,,,,,,,,
,,,,,,,54,2,,54,1,,,,,,,,,,,,
,,,,,,,55,2,,55,1,,,,,,,,,,,,
,,,,,,,56,2,,56,1,,,,,,,,,,,,
,,,,,,,57,2,,57,1,,,,,,,,,,,,
,,,,,,,58,3,,58,1,,,,,,,,,,,,
,,,,,,,59,2,,59,1,,,,,,,,,,,,
,,,,,,,60,2,,60,1,,,,,,,,,,,,
,,,,,,,61,2,,61,1,,,,,,,,,,,,
,,,,,,,62,2,,62,1,,,,,,,,,,,,
,,,,,,,63,2,,63,1,,,,,,,,,,,,
,,,,,,,64,2,,64,1,,,,,,,,,,,,
,,,,,,,65,2,,65,1,,,,,,,,,,,,
,,,,,,,66,1,,66,1,,,,,,,,,,,,
,,,,,,,67,2,,67,1,,,,,,,,,,,,
,,,,,,,68,2,,68,1,,,,,,,,,,,,
,,,,,,,69,2,,69,1,,,,,,,,,,,,
,,,,,,,70,2,,70,1,,,,,,,,,,,,
,,,,,,,71,2,,71,1,,,,,,,,,,,,
,,,,,,,72,3,,72,1,,,,,,,,,,,,
,,,,,,,73,2,,73,1,,,,,,,,,,,,
,,,,,,,74,3,,74,1,,,,,,,,,,,,
,,,,,,,75,1,,75,1,,,,,,,,,,,,
,,,,,,,76,3,,76,1,,,,,,,,,,,,
,,,,,,,77,2,,77,1,,,,,,,,,,,,
,,,,,,,78,2,,78,1,,,,,,,,,,,,
,,,,,,,79,2,,79,1,,,,,,,,,,,,
,,,,,,,80,3,,80,1,,,,,,,,,,,,
,,,,,,,81,2,,81,1,,,,,,,,,,,,
,,,,,,,82,2,,82,1,,,,,,,,,,,,
,,,,,,,83,2,,83,1,,,,,,,,,,,,
,,,,,,,84,2,,84,1,,,,,,,,,,,,
,,,,,,,85,2,,85,1,,,,,,,,,,,,
,,,,,,,86,2,,86,1,,,,,,,,,,,,
,,,,,,,87,2,,87,1,,,,,,,,,,,,
,,,,,,,88,2,,88,1,,,,,,,,,,,,
,,,,,,,89,2,,89,1,,,,,,,,,,,,
,,,,,,,90,3,,90,1,,,,,,,,,,,,
,,,,,,,91,3,,91,1,,,,,,,,,,,,
,,,,,,,92,2,,92,1,,,,,,,,,,,,
,,,,,,,93,2,,93,1,,,,,,,,,,,,
,,,,,,,94,2,,94,1,,,,,,,,,,,,
,,,,,,,95,2,,95,1,,,,,,,,,,,,
,,,,,,,96,2,,96,1,,,,,,,,,,,,
,,,,,,,97,3,,97,1,,,,,,,,,,,,
,,,,,,,98,2,,98,1,,,,,,,,,,,,
,,,,,,,99,3,,99,1,,,,,,,,,,,,
,,,,,,,100,2,,100,1,,,,,,,,,,,,
,,,,,,,101,2,,101,1,,,,,,,,,,,,
,,,,,,,102,3,,102,1,,,,,,,,,,,,
,,,,,,,103,3,,103,1,,,,,,,,,,,,
,,,,,,,104,2,,104,1,,,,,,,,,,,,
,,,,,,,105,2,,105,1,,,,,,,,,,,,
,,,,,,,106,2,,106,1,,,,,,,,,,,,
,,,,,,,107,2,,107,1,,,,,,,,,,,,
,,,,,,,108,2,,108,1,,,,,,,,,,,,
,,,,,,,109,2,,109,1,,,,,,,,,,,,
,,,,,,,110,3,,110,1,,,,,,,,,,,,
,,,,,,,111,2,,111,1,,,,,,,,,,,,
,,,,,,,112,2,,112,1,,,,,,,,,,,,
,,,,,,,113,2,,113,1,,,,,,,,,,,,
,,,,,,,114,2,,114,1,,,,,,,,,,,,
,,,,,,,115,2,,115,1,,,,,,,,,,,,
,,,,,,,116,1,,116,1,,,,,,,,,,,,
,,,,,,,117,1,,117,1,,,,,,,,,,,,
,,,,,,,118,2,,118,1,,,,,,,,,,,,
,,,,,,,119,1,,119,1,,,,,,,,,,,,
,,,,,,,120,2,,120,1,,,,,,,,,,,,
,,,,,,,121,2,,121,1,,,,,,,,,,,,
,,,,,,,122,3,,122,1,,,,,,,,,,,,
,,,,,,,123,2,,123,1,,,,,,,,,,,,
,,,,,,,124,2,,124,1,,,,,,,,,,,,
,,,,,,,125,2,,125,1,,,,,,,,,,,,
,,,,,,,126,2,,126,1,,,,,,,,,,,,
,,,,,,,127,3,,127,1,,,,,,,,,,,,
,,,,,,,128,2,,128,1,,,,,,,,,,,,
,,,,,,,129,2,,129,1,,,,,,,,,,,,
,,,,,,,130,3,,130,1,,,,,,,,,,,,
,,,,,,,131,2,,131,1,,,,,,,,,,,,
,,,,,,,132,2,,132,1,,,,,,,,,,,,
,,,,,,,133,2,,133,1,,,,,,,,,,,,
,,,,,,,134,1,,134,1,,,,,,,,,,,,
,,,,,,,135,3,,135,1,,,,,,,,,,,,
,,,,,,,136,3,,136,1,,,,,,,,,,,,
,,,,,,,137,2,,137,1,,,,,,,,,,,,
,,,,,,,138,3,,138,1,,,,,,,,,,,,
,,,,,,,139,3,,139,1,,,,,,,,,,,,
,,,,,,,140,3,,140,1,,,,,,,,,,,,
,,,,,,,141,2,,141,1,,,,,,,,,,,,
,,,,,,,142,2,,142,1,,,,,,,,,,,,
,,,,,,,143,2,,143,1,,,,,,,,,,,,
,,,,,,,144,2,,144,1,,,,,,,,,,,,
,,,,,,,145,3,,145,1,,,,,,,,,,,,
,,,,,,,146,2,,146,1,,,,,,,,,,,,
,,,,,,,147,2,,147,1,,,,,,,,,,,,
,,,,,,,148,2,,148,1,,,,,,,,,,,,
,,,,,,,149,2,,149,1,,,,,,,,,,,,
,,,,,,,150,2,,150,1,,,,,,,,,,,,
,,,,,,,151,3,,151,1,,,,,,,,,,,,
,,,,,,,152,3,,152,1,,,,,,,,,,,,
,,,,,,,153,1,,153,1,,,,,,,,,,,,
,,,,,,,154,2,,154,1,,,,,,,,,,,,
,,,,,,,155,2,,155,1,,,,,,,,,,,,
,,,,,,,156,2,,156,1,,,,,,,,,,,,
,,,,,,,157,2,,157,1,,,,,,,,,,,,
,,,,,,,158,3,,158,1,,,,,,,,,,,,
,,,,,,,159,2,,159,1,,,,,,,,,,,,
,,,,,,,160,2,,160,1,,,,,,,,,,,,
,,,,,,,161,2,,161,2,,,,,,,,,,,,
,,,,,,,162,2,,162,2,,,,,,,,,,,,
,,,,,,,163,2,,163,2,,,,,,,,,,,,
,,,,,,,164,2,,164,2,,,,,,,,,,,,
,,,,,,,165,2,,165,2,,,,,,,,,,,,
,,,,,,,166,2,,166,2,,,,,,,,,,,,
,,,,,,,167,2,,167,2,,,,,,,,,,,,
,,,,,,,168,2,,168,2,,,,,,,,,,,,
,,,,,,,169,3,,169,2,,,,,,,,,,,,
,,,,,,,170,2,,170,2,,,,,,,,,,,,
,,,,,,,171,2,,171,2,,,,,,,,,,,,
,,,,,,,172,2,,172,2,,,,,,,,,,,,
,,,,,,,173,3,,173,2,,,,,,,,,,,,
,,,,,,,174,3,,174,2,,,,,,,,,,,,
,,,,,,,175,2,,175,2,,,,,,,,,,,,
,,,,,,,176,2,,176,2,,,,,,,,,,,,
,,,,,,,177,3,,177,2,,,,,,,,,,,,
,,,,,,,178,2,,178,2,,,,,,,,,,,,
,,,,,,,179,2,,179,2,,,,,,,,,,,,
,,,,,,,180,2,,180,2,,,,,,,,,,,,
,,,,,,,181,2,,181,2,,,,,,,,,,,,
,,,,,,,182,2,,182,2,,,,,,,,,,,,
,,,,,,,183,2,,183,2,,,,,,,,,,,,
,,,,,,,184,2,,184,2,,,,,,,,,,,,
,,,,,,,185,2,,185,2,,,,,,,,,,,,
,,,,,,,186,2,,186,2,,,,,,,,,,,,
,,,,,,,187,2,,187,2,,,,,,,,,,,,
,,,,,,,188,2,,188,2,,,,,,,,,,,,
,,,,,,,189,2,,189,2,,,,,,,,,,,,
,,,,,,,190,2,,190,2,,,,,,,,,,,,
,,,,,,,191,2,,191,2,,,,,,,,,,,,
,,,,,,,192,3,,192,2,,,,,,,,,,,,
,,,,,,,193,2,,193,2,,,,,,,,,,,,
,,,,,,,194,0,,194,2,,,,,,,,,,,,
,,,,,,,195,2,,195,2,,,,,,,,,,,,
,,,,,,,196,3,,196,2,,,,,,,,,,,,
,,,,,,,197,0,,197,2,,,,,,,,,,,,
,,,,,,,198,2,,198,2,,,,,,,,,,,,
,,,,,,,199,2,,199,2,,,,,,,,,,,,
,,,,,,,200,2,,200,2,,,,,,,,,,,,
,,,,,,,201,2,,201,2,,,,,,,,,,,,
,,,,,,,202,3,,202,2,,,,,,,,,,,,
,,,,,,,203,2,,203,2,,,,,,,,,,,,
,,,,,,,204,2,,204,2,,,,,,,,,,,,
,,,,,,,205,2,,205,2,,,,,,,,,,,,
,,,,,,,206,2,,206,2,,,,,,,,,,,,
,,,,,,,207,2,,207,2,,,,,,,,,,,,
,,,,,,,208,2,,208,2,,,,,,,,,,,,
,,,,,,,209,3,,209,2,,,,,,,,,,,,
,,,,,,,210,2,,210,2,,,,,,,,,,,,
,,,,,,,211,3,,211,2,,,,,,,,,,,,
,,,,,,,212,0,,212,2,,,,,,,,,,,,
,,,,,,,213,0,,213,2,,,,,,,,,,,,
,,,,,,,214,1,,214,2,,,,,,,,,,,,
,,,,,,,215,2,,215,2,,,,,,,,,,,,
,,,,,,,216,2,,216,2,,,,,,,,,,,,
,,,,,,,217,2,,217,2,,,,,,,,,,,,
,,,,,,,218,2,,218,2,,,,,,,,,,,,
,,,,,,,219,2,,219,2,,,,,,,,,,,,
,,,,,,,220,2,,220,2,,,,,,,,,,,,
,,,,,,,221,2,,221,2,,,,,,,,,,,,
,,,,,,,222,2,,222,2,,,,,,,,,,,,
,,,,,,,223,2,,223,2,,,,,,,,,,,,
,,,,,,,224,3,,224,2,,,,,,,,,,,,
,,,,,,,225,2,,225,2,,,,,,,,,,,,
,,,,,,,226,3,,226,2,,,,,,,,,,,,
,,,,,,,227,2,,227,2,,,,,,,,,,,,
,,,,,,,228,2,,228,2,,,,,,,,,,,,
,,,,,,,229,2,,229,2,,,,,,,,,,,,
,,,,,,,230,3,,230,2,,,,,,,,,,,,
,,,,,,,231,0,,231,2,,,,,,,,,,,,
,,,,,,,232,2,,232,2,,,,,,,,,,,,
,,,,,,,233,3,,233,2,,,,,,,,,,,,
,,,,,,,234,2,,234,2,,,,,,,,,,,,
,,,,,,,235,2,,235,2,,,,,,,,,,,,
,,,,,,,236,2,,236,2,,,,,,,,,,,,
,,,,,,,237,3,,237,2,,,,,,,,,,,,
,,,,,,,238,2,,238,2,,,,,,,,,,,,
,,,,,,,239,2,,239,2,,,,,,,,,,,,
,,,,,,,240,2,,240,2,,,,,,,,,,,,
,,,,,,,241,2,,241,2,,,,,,,,,,,,
,,,,,,,242,2,,242,2,,,,,,,,,,,,
,,,,,,,243,2,,243,2,,,,,,,,,,,,
,,,,,,,244,2,,244,2,,,,,,,,,,,,
,,,,,,,245,2,,245,2,,,,,,,,,,,,
,,,,,,,246,2,,246,3,,,,,,,,,,,,
,,,,,,,247,2,,247,3,,,,,,,,,,,,
,,,,,,,248,2,,248,3,,,,,,,,,,,,
,,,,,,,249,2,,249,3,,,,,,,,,,,,
,,,,,,,250,2,,250,3,,,,,,,,,,,,
,,,,,,,251,2,,251,3,,,,,,,,,,,,
,,,,,,,252,2,,252,3,,,,,,,,,,,,
,,,,,,,253,2,,253,3,,,,,,,,,,,,
,,,,,,,254,3,,254,3,,,,,,,,,,,,
,,,,,,,255,2,,255,3,,,,,,,,,,,,
,,,,,,,256,2,,256,3,,,,,,,,,,,,
,,,,,,,257,2,,257,3,,,,,,,,,,,,
,,,,,,,258,3,,258,3,,,,,,,,,,,,
,,,,,,,259,1,,259,3,,,,,,,,,,,,
,,,,,,,260,2,,260,3,,,,,,,,,,,,
,,,,,,,261,2,,261,3,,,,,,,,,,,,
,,,,,,,262,2,,262,3,,,,,,,,,,,,
,,,,,,,263,1,,263,3,,,,,,,,,,,,
,,,,,,,264,3,,264,3,,,,,,,,,,,,
,,,,,,,265,2,,265,3,,,,,,,,,,,,
,,,,,,,266,1,,266,3,,,,,,,,,,,,
,,,,,,,267,2,,267,3,,,,,,,,,,,,
,,,,,,,268,2,,268,3,,,,,,,,,,,,
,,,,,,,269,3,,269,3,,,,,,,,,,,,
,,,,,,,270,2,,270,3,,,,,,,,,,,,
,,,,,,,271,2,,271,3,,,,,,,,,,,,
,,,,,,,272,2,,272,3,,,,,,,,,,,,
,,,,,,,273,2,,273,3,,,,,,,,,,,,
,,,,,,,274,2,,274,3,,,,,,,,,,,,
,,,,,,,275,1,,275,3,,,,,,,,,,,,
,,,,,,,276,2,,276,3,,,,,,,,,,,,
,,,,,,,277,2,,277,3,,,,,,,,,,,,
,,,,,,,278,2,,278,3,,,,,,,,,,,,
,,,,,,,279,2,,279,3,,,,,,,,,,,,
,,,,,,,280,2,,280,3,,,,,,,,,,,,
,,,,,,,281,1,,281,3,,,,,,,,,,,,
,,,,,,,282,0,,282,3,,,,,,,,,,,,
,,,,,,,283,2,,283,3,,,,,,,,,,,,
,,,,,,,284,3,,284,3,,,,,,,,,,,,
,,,,,,,285,2,,285,3,,,,,,,,,,,,
,,,,,,,286,2,,286,3,,,,,,,,,,,,
,,,,,,,287,3,,287,3,,,,,,,,,,,,
,,,,,,,288,2,,288,3,,,,,,,,,,,,
,,,,,,,289,2,,289,3,,,,,,,,,,,,
,,,,,,,290,3,,290,3,,,,,,,,,,,,
,,,,,,,291,2,,291,3,,,,,,,,,,,,
,,,,,,,292,3,,292,3,,,,,,,,,,,,
,,,,,,,293,2,,293,3,,,,,,,,,,,,
,,,,,,,294,3,,294,3,,,,,,,,,,,,
,,,,,,,295,2,,295,3,,,,,,,,,,,,
,,,,,,,296,3,,296,3,,,,,,,,,,,,
,,,,,,,297,2,,297,3,,,,,,,,,,,,
,,,,,,,298,3,,298,3,,,,,,,,,,,,
,,,,,,,299,3,,299,3,,,,,,,,,,,,
,,,,,,,300,3,,300,3,,,,,,,,,,,,
,,,,,,,301,2,,301,3,,,,,,,,,,,,
,,,,,,,302,2,,302,3,,,,,,,,,,,,
,,,,,,,303,3,,303,3,,,,,,,,,,,,
,,,,,,,304,2,,304,3,,,,,,,,,,,,
,,,,,,,305,3,,305,3,,,,,,,,,,,,
,,,,,,,306,2,,306,3,,,,,,,,,,,,
,,,,,,,307,3,,307,3,,,,,,,,,,,,
,,,,,,,308,3,,308,3,,,,,,,,,,,,
,,,,,,,309,2,,309,3,,,,,,,,,,,,
,,,,,,,310,3,,310,3,,,,,,,,,,,,
,,,,,,,311,2,,311,3,,,,,,,,,,,,
,,,,,,,312,2,,312,3,,,,,,,,,,,,
,,,,,,,313,3,,313,3,,,,,,,,,,,,
,,,,,,,314,3,,314,3,,,,,,,,,,,,
,,,,,,,315,2,,315,3,,,,,,,,,,,,
,,,,,,,316,3,,316,3,,,,,,,,,,,,
,,,,,,,317,3,,317,3,,,,,,,,,,,,
,,,,,,,318,2,,318,3,,,,,,,,,,,,
,,,,,,,319,2,,319,3,,,,,,,,,,,,
,,,,,,,320,2,,320,3,,,,,,,,,,,,
,,,,,,,321,2,,321,3,,,,,,,,,,,,
,,,,,,,322,2,,322,3,,,,,,,,,,,,
,,,,,,,323,2,,323,3,,,,,,,,,,,,
,,,,,,,324,2,,324,3,,,,,,,,,,,,
,,,,,,,325,3,,325,3,,,,,,,,,,,,
,,,,,,,326,2,,326,3,,,,,,,,,,,,
,,,,,,,327,2,,327,3,,,,,,,,,,,,
,,,,,,,328,2,,328,3,,,,,,,,,,,,
,,,,,,,329,2,,329,3,,,,,,,,,,,,
,,,,,,,330,2,,330,3,,,,,,,,,,,,
,,,,,,,331,2,,331,3,,,,,,,,,,,,
,,,,,,,332,2,,332,3,,,,,,,,,,,,
,,,,,,,333,3,,333,3,,,,,,,,,,,,
,,,,,,,334,2,,334,3,,,,,,,,,,,,
,,,,,,,335,3,,335,3,,,,,,,,,,,,
,,,,,,,336,3,,336,3,,,,,,,,,,,,
,,,,,,,337,3,,337,3,,,,,,,,,,,,
,,,,,,,338,2,,338,3,,,,,,,,,,,,
,,,,,,,339,2,,339,3,,,,,,,,,,,,
,,,,,,,340,3,,340,3,,,,,,,,,,,,
,,,,,,,341,3,,341,3,,,,,,,,,,,,
,,,,,,,342,2,,342,3,,,,,,,,,,,,
,,,,,,,343,2,,343,3,,,,,,,,,,,,
,,,,,,,344,3,,344,3,,,,,,,,,,,,
,,,,,,,345,2,,345,3,,,,,,,,,,,,
,,,,,,,346,3,,346,3,,,,,,,,,,,,
,,,,,,,347,3,,347,3,,,,,,,,,,,,
,,,,,,,348,2,,348,3,,,,,,,,,,,,
,,,,,,,349,3,,349,3,,,,,,,,,,,,
,,,,,,,350,2,,350,3,,,,,,,,,,,,
,,,,,,,351,2,,351,3,,,,,,,,,,,,
,,,,,,,352,3,,352,3,,,,,,,,,,,,
,,,,,,,353,3,,353,3,,,,,,,,,,,,
,,,,,,,354,2,,354,3,,,,,,,,,,,,
,,,,,,,355,2,,355,3,,,,,,,,,,,,
,,,,,,,356,2,,356,3,,,,,,,,,,,,
,,,,,,,357,3,,357,3,,,,,,,,,,,,
,,,,,,,358,2,,358,3,,,,,,,,,,,,
,,,,,,,359,3,,359,3,,,,,,,,,,,,
,,,,,,,360,2,,360,3,,,,,,,,,,,,
,,,,,,,361,2,,361,3,,,,,,,,,,,,
,,,,,,,362,3,,362,3,,,,,,,,,,,,
,,,,,,,363,2,,363,3,,,,,,,,,,,,
,,,,,,,364,3,,364,3,,,,,,,,,,,,
,,,,,,,365,3,,365,3,,,,,,,,,,,,
,,,,,,,366,3,,366,3,,,,,,,,,,,,
,,,,,,,367,3,,367,3,,,,,,,,,,,,
,,,,,,,368,2,,368,3,,,,,,,,,,,,
,,,,,,,369,3,,369,3,,,,,,,,,,,,
,,,,,,,370,2,,370,3,,,,,,,,,,,,
,,,,,,,371,2,,371,3,,,,,,,,,,,,
,,,,,,,372,2,,372,3,,,,,,,,,,,,
,,,,,,,373,3,,373,3,,,,,,,,,,,,
,,,,,,,374,2,,374,3,,,,,,,,,,,,
,,,,,,,375,2,,375,3,,,,,,,,,,,,
,,,,,,,376,3,,376,3,,,,,,,,,,,,
,,,,,,,377,2,,377,3,,,,,,,,,,,,
,,,,,,,378,3,,378,3,,,,,,,,,,,,
,,,,,,,379,2,,379,3,,,,,,,,,,,,
,,,,,,,380,3,,380,3,,,,,,,,,,,,
,,,,,,,381,3,,381,3,,,,,,,,,,,,
,,,,,,,382,3,,382,3,,,,,,,,,,,,
,,,,,,,383,3,,383,3,,,,,,,,,,,,
,,,,,,,384,0,,384,3,,,,,,,,,,,,
,,,,,,,385,0,,385,3,,,,,,,,,,,,
,,,,,,,386,2,,386,3,,,,,,,,,,,,
,,,,,,,387,3,,387,3,,,,,,,,,,,,
,,,,,,,388,2,,388,3,,,,,,,,,,,,
,,,,,,,389,2,,389,3,,,,,,,,,,,,
,,,,,,,390,2,,390,3,,,,,,,,,,,,
,,,,,,,391,3,,391,3,,,,,,,,,,,,
,,,,,,,392,3,,392,3,,,,,,,,,,,,
,,,,,,,393,3,,393,3,,,,,,,,,,,,
,,,,,,,394,2,,394,3,,,,,,,,,,,,
,,,,,,,395,2,,395,3,,,,,,,,,,,,
,,,,,,,396,2,,396,3,,,,,,,,,,,,
,,,,,,,397,2,,397,3,,,,,,,,,,,,
,,,,,,,398,3,,398,3,,,,,,,,,,,,
,,,,,,,399,2,,399,3,,,,,,,,,,,,
,,,,,,,400,3,,400,3,,,,,,,,,,,,
,,,,,,,401,3,,401,3,,,,,,,,,,,,
,,,,,,,402,2,,402,3,,,,,,,,,,,,
,,,,,,,403,3,,403,3,,,,,,,,,,,,
,,,,,,,404,3,,404,3,,,,,,,,,,,,
,,,,,,,405,2,,405,3,,,,,,,,,,,,
,,,,,,,406,3,,406,3,,,,,,,,,,,,
,,,,,,,407,3,,407,3,,,,,,,,,,,,
,,,,,,,408,2,,408,3,,,,,,,,,,,,
,,,,,,,409,2,,409,3,,,,,,,,,,,,
,,,,,,,410,2,,410,3,,,,,,,,,,,,
,,,,,,,411,3,,411,3,,,,,,,,,,,,
,,,,,,,412,2,,412,3,,,,,,,,,,,,
,,,,,,,413,3,,413,3,,,,,,,,,,,,
,,,,,,,414,2,,414,3,,,,,,,,,,,,
,,,,,,,415,2,,415,3,,,,,,,,,,,,
,,,,,,,416,2,,416,3,,,,,,,,,,,,
,,,,,,,417,3,,417,3,,,,,,,,,,,,
,,,,,,,418,3,,418,3,,,,,,,,,,,,
,,,,,,,419,2,,419,3,,,,,,,,,,,,
,,,,,,,420,0,,420,3,,,,,,,,,,,,
,,,,,,,421,2,,421,4,,,,,,,,,,,,
,,,,,,,422,2,,422,4,,,,,,,,,,,,
,,,,,,,423,3,,423,4,,,,,,,,,,,,
,,,,,,,424,3,,424,4,,,,,,,,,,,,
,,,,,,,425,3,,425,4,,,,,,,,,,,,
,,,,,,,426,3,,426,4,,,,,,,,,,,,
,,,,,,,427,3,,427,4,,,,,,,,,,,,
,,,,,,,428,3,,428,4,,,,,,,,,,,,
,,,,,,,429,2,,429,4,,,,,,,,,,,,
,,,,,,,430,2,,430,4,,,,,,,,,,,,
,,,,,,,431,2,,431,4,,,,,,,,,,,,
,,,,,,,432,3,,432,4,,,,,,,,,,,,
,,,,,,,433,2,,433,4,,,,,,,,,,,,
,,,,,,,434,2,,434,4,,,,,,,,,,,,
,,,,,,,435,3,,435,4,,,,,,,,,,,,
,,,,,,,436,3,,436,4,,,,,,,,,,,,
,,,,,,,437,3,,437,4,,,,,,,,,,,,
,,,,,,,438,3,,438,4,,,,,,,,,,,,
,,,,,,,439,3,,439,4,,,,,,,,,,,,
,,,,,,,440,3,,440,4,,,,,,,,,,,,
,,,,,,,441,3,,441,4,,,,,,,,,,,,
,,,,,,,442,3,,442,4,,,,,,,,,,,,
,,,,,,,443,2,,443,4,,,,,,,,,,,,
,,,,,,,444,3,,444,4,,,,,,,,,,,,
,,,,,,,445,3,,445,4,,,,,,,,,,,,
,,,,,,,446,3,,446,4,,,,,,,,,,,,
,,,,,,,447,3,,447,4,,,,,,,,,,,,
,,,,,,,448,3,,448,4,,,,,,,,,,,,
,,,,,,,449,3,,449,4,,,,,,,,,,,,
,,,,,,,450,3,,450,4,,,,,,,,,,,,
,,,,,,,451,3,,451,4,,,,,,,,,,,,
,,,,,,,452,3,,452,4,,,,,,,,,,,,
,,,,,,,453,3,,453,4,,,,,,,,,,,,
,,,,,,,454,3,,454,4,,,,,,,,,,,,
,,,,,,,455,2,,455,4,,,,,,,,,,,,
,,,,,,,456,3,,456,4,,,,,,,,,,,,
,,,,,,,457,3,,457,4,,,,,,,,,,,,
,,,,,,,458,3,,458,4,,,,,,,,,,,,
,,,,,,,459,2,,459,4,,,,,,,,,,,,
,,,,,,,460,3,,460,4,,,,,,,,,,,,
,,,,,,,461,2,,461,5,,,,,,,,,,,,
,,,,,,,462,2,,462,5,,,,,,,,,,,,
,,,,,,,463,3,,463,5,,,,,,,,,,,,
,,,,,,,464,3,,464,5,,,,,,,,,,,,
,,,,,,,465,3,,465,5,,,,,,,,,,,,
,,,,,,,466,3,,466,5,,,,,,,,,,,,
,,,,,,,467,3,,467,5,,,,,,,,,,,,
,,,,,,,468,2,,468,5,,,,,,,,,,,,
,,,,,,,469,3,,469,5,,,,,,,,,,,,
,,,,,,,470,3,,470,5,,,,,,,,,,,,
,,,,,,,471,3,,471,5,,,,,,,,,,,,
,,,,,,,472,3,,472,5,,,,,,,,,,,,
,,,,,,,473,2,,473,5,,,,,,,,,,,,
,,,,,,,474,2,,474,5,,,,,,,,,,,,
,,,,,,,475,3,,475,5,,,,,,,,,,,,
,,,,,,,476,3,,476,5,,,,,,,,,,,,
,,,,,,,477,3,,477,5,,,,,,,,,,,,
,,,,,,,478,3,,478,5,,,,,,,,,,,,
,,,,,,,479,3,,479,5,,,,,,,,,,,,
,,,,,,,480,3,,480,5,,,,,,,,,,,,
,,,,,,,481,3,,481,5,,,,,,,,,,,,
,,,,,,,482,3,,482,5,,,,,,,,,,,,
,,,,,,,483,2,,483,5,,,,,,,,,,,,
,,,,,,,484,3,,484,5,,,,,,,,,,,,
,,,,,,,485,3,,485,5,,,,,,,,,,,,
,,,,,,,486,2,,486,6,,,,,,,,,,,,
,,,,,,,487,3,,487,6,,,,,,,,,,,,
,,,,,,,488,3,,488,6,,,,,,,,,,,,
,,,,,,,489,3,,489,6,,,,,,,,,,,,
,,,,,,,490,3,,490,6,,,,,,,,,,,,
,,,,,,,491,3,,491,7,,,,,,,,,,,,
,,,,,,,492,2,,492,7,,,,,,,,,,,,
,,,,,,,493,2,,493,7,,,,,,,,,,,,
,,,,,,,494,3,,494,8,,,,,,,,,,,,
,,,,,,,495,3,,495,8,,,,,,,,,,,,
,,,,,,,496,3,,496,9,,,,,,,,,,,,
,,,,,,,497,3,,497,9,,,,,,,,,,,,
,,,,,,,498,2,,498,9,,,,,,,,,,,,
,,,,,,,499,3,,499,9,,,,,,,,,,,,
,,,,,,,500,3,,500,9,,,,,,,,,,,,
